variable,group1_code,group2_code,group1,group2,n1,n2,U_stat,cliffs_delta,rank_biserial,ci_95%_lower,ci_95%_upper,ci,p_value,p_adj
Sleep related accidents,0,1,Normal,Mild,6930,7069,24551340.5,0.0023375235286396696,0.0023375235286396696,0.0006819891414600709,0.004057429069099744,"[0.0006819891414600709, 0.004057429069099744]",0.006330144018056447,0.01899043205416934
Sleep related accidents,1,2,Mild,Moderate,7069,3657,12894434.0,-0.0024163164042643372,-0.0024163164042643372,-0.004824187402637999,-0.0004771707516977945,"[-0.004824187402637999, -0.0004771707516977945]",0.012058336880171503,0.024116673760343006
Sleep related accidents,2,3,Moderate,Severe,3657,2882,5280789.0,0.0020972583641270903,0.0020972583641270903,0.0003817695266386159,0.004470481638837003,"[0.0003817695266386159, 0.004470481638837003]",0.11779534252533136,0.11779534252533136
Sleepiness performance,0,1,Normal,Mild,6930,7069,25941128.5,0.05907726293919532,0.05907726293919532,0.041195358491652165,0.07492124629272741,"[0.041195358491652165, 0.07492124629272741]",9.224542301660788e-10,2.7673626904982366e-09
Sleepiness performance,1,2,Mild,Moderate,7069,3657,13410896.5,0.03754003710369597,0.03754003710369597,0.016828802406436836,0.06143927375040969,"[0.016828802406436836, 0.06143927375040969]",0.001208671786156341,0.002417343572312682
Sleepiness performance,2,3,Moderate,Severe,3657,2882,5350827.0,0.01538786470747971,0.01538786470747971,-0.011127958093544327,0.041720998125712894,"[-0.011127958093544327, 0.041720998125712894]",0.27700329078497676,0.27700329078497676
Sleep get going,0,1,Normal,Mild,10462,9554,47626846.5,-0.047024205587156996,-0.047024205587156996,-0.06237656915762847,-0.030694519189977374,"[-0.06237656915762847, -0.030694519189977374]",2.906325555033188e-09,8.718976665099564e-09
Sleep get going,1,2,Mild,Moderate,9554,4840,23345756.0,0.009734834788596183,0.009734834788596183,-0.010124398374096264,0.03135470712799102,"[-0.010124398374096264, 0.03135470712799102]",0.327841087071871,0.655682174143742
Sleep get going,2,3,Moderate,Severe,4840,3889,9443974.5,0.0034633071876812964,0.0034633071876812964,-0.017976684875119272,0.02738023408894338,"[-0.017976684875119272, 0.02738023408894338]",0.7753231636406057,0.7753231636406057
Problem going to sleep at night,0,1,Normal,Mild,6681,6874,24258975.5,0.05645609248814496,0.05645609248814496,0.040686864599853406,0.07640090317310361,"[0.040686864599853406, 0.07640090317310361]",5.888710342921424e-09,1.7666131028764272e-08
Problem going to sleep at night,1,2,Mild,Moderate,6874,3531,12563781.5,0.035244960735567356,0.035244960735567356,0.01506520512816076,0.055643062769944775,"[0.01506520512816076, 0.055643062769944775]",0.0025342553222019275,0.005068510644403855
Problem going to sleep at night,2,3,Moderate,Severe,3531,2812,5099896.0,0.027255042011559472,0.027255042011559472,0.002185801595540897,0.051557272348590595,"[0.002185801595540897, 0.051557272348590595]",0.0553733234462801,0.0553733234462801
Problem waking up during night,0,1,Normal,Mild,6614,6781,22928325.5,0.022455461856080824,0.022455461856080824,0.006928611565952949,0.03928511943959104,"[0.006928611565952949, 0.03928511943959104]",0.020784992122765678,0.033961330766648326
Problem waking up during night,1,2,Mild,Moderate,6781,3459,12165662.0,0.03734074243378274,0.03734074243378274,0.01878466540802684,0.059643487775286955,"[0.01878466540802684, 0.059643487775286955]",0.0014603044874154567,0.00438091346224637
Problem waking up during night,2,3,Moderate,Severe,3459,2774,4633667.0,-0.0341764365886261,-0.0341764365886261,-0.06374933222278568,-0.008651568387994673,"[-0.06374933222278568, -0.008651568387994673]",0.016980665383324163,0.033961330766648326
Falling asleep thought,0,1,Normal,Mild,6703,6878,24605825.5,0.06742297080504157,0.06742297080504157,0.05181824283736798,0.08333126641397867,"[0.05181824283736798, 0.08333126641397867]",3.3890465193192087e-12,1.0167139557957627e-11
Falling asleep thought,1,2,Mild,Moderate,6878,3538,12740823.0,0.04714657839424116,0.04714657839424116,0.024845701740961876,0.06854411214527734,"[0.024845701740961876, 0.06854411214527734]",5.386403514558103e-05,0.00010772807029116206
Falling asleep thought,2,3,Moderate,Severe,3538,2800,5122443.0,0.03416841637729145,0.03416841637729145,0.006850745477671001,0.05992448063877896,"[0.006850745477671001, 0.05992448063877896]",0.016623879229691708,0.016623879229691708
Problem not feeling rested,0,1,Normal,Mild,6615,6781,24660752.5,0.09954428936037212,0.09954428936037212,0.07956804186879819,0.11667878480432463,"[0.07956804186879819, 0.11667878480432463]",6.995153006736105e-25,2.0985459020208315e-24
Problem not feeling rested,1,2,Mild,Moderate,6781,3474,12230263.5,0.03834637520920361,0.03834637520920361,0.011111465567588397,0.06358719442561792,"[0.011111465567588397, 0.06358719442561792]",0.0010654826531870853,0.0021309653063741707
Problem not feeling rested,2,3,Moderate,Severe,3474,2764,4848076.5,0.009791258944884763,0.009791258944884763,-0.013757243700776578,0.0344907711159267,"[-0.013757243700776578, 0.0344907711159267]",0.4945089000310564,0.4945089000310564
Falling asleep depressed,0,1,Normal,Mild,6691,6865,24203059.0,0.05382545261144238,0.05382545261144238,0.0353278066013167,0.07097276477637394,"[0.0353278066013167, 0.07097276477637394]",1.0256493105076597e-08,3.076947931522979e-08
Falling asleep depressed,1,2,Mild,Moderate,6865,3520,12640666.0,0.04620489306760246,0.04620489306760246,0.02842228261769185,0.06348377288452624,"[0.02842228261769185, 0.06348377288452624]",3.838030657493328e-05,7.676061314986656e-05
Falling asleep depressed,2,3,Moderate,Severe,3520,2792,4888903.5,-0.005090945721542069,-0.005090945721542069,-0.027196815373469654,0.016503641695428478,"[-0.027196815373469654, 0.016503641695428478]",0.708397986026672,0.708397986026672
Problem with tiredness,0,1,Normal,Mild,6574,6742,23782367.0,0.0731653068726193,0.0731653068726193,0.05611740360997094,0.08931143826208925,"[0.05611740360997094, 0.08931143826208925]",5.154438260021391e-14,1.5463314780064173e-13
Problem with tiredness,1,2,Mild,Moderate,6742,3453,11990115.5,0.030073076064966314,0.030073076064966314,0.009079915417983564,0.05131911012852764,"[0.009079915417983564, 0.05131911012852764]",0.010445901911001249,0.020891803822002498
Problem with tiredness,2,3,Moderate,Severe,3453,2760,4876164.5,0.023299315445086607,0.023299315445086607,-0.002354248773383363,0.05087896158350016,"[-0.002354248773383363, 0.05087896158350016]",0.10417258736481624,0.10417258736481624
Falling asleep worry,0,1,Normal,Mild,6694,6875,24739752.5,0.0751447429176739,0.0751447429176739,0.0589115788901866,0.09451823668414047,"[0.0589115788901866, 0.09451823668414047]",8.04951922272025e-15,2.414855766816075e-14
Falling asleep worry,1,2,Mild,Moderate,6875,3533,12782591.5,0.052525353163677534,0.052525353163677534,0.03186988858297095,0.07584292823508221,"[0.03186988858297095, 0.07584292823508221]",6.39082219879405e-06,1.27816443975881e-05
Falling asleep worry,2,3,Moderate,Severe,3533,2792,5069081.5,0.027780131985203772,0.027780131985203772,-0.00038647074614543014,0.05335347414107024,"[-0.00038647074614543014, 0.05335347414107024]",0.05045358723210451,0.05045358723210451
Problem with sleepiness,0,1,Normal,Mild,6357,6498,22055815.0,0.06787688887513846,0.06787688887513846,0.04490999832331852,0.08745882192766273,"[0.04490999832331852, 0.08745882192766273]",8.33394120861661e-12,2.500182362584983e-11
Problem with sleepiness,1,2,Mild,Moderate,6498,3309,11032368.0,0.02617696441641713,0.02617696441641713,0.004770042919963936,0.044445759445615025,"[0.004770042919963936, 0.044445759445615025]",0.029455021347893705,0.05891004269578741
Problem with sleepiness,2,3,Moderate,Severe,3309,2647,4323961.5,-0.012672790935597904,-0.012672790935597904,-0.04153388778506216,0.020907028181432787,"[-0.04153388778506216, 0.020907028181432787]",0.38814860289266717,0.38814860289266717
Falling asleep muscular tension,0,1,Normal,Mild,6662,6851,23391447.0,0.025010910060045972,0.025010910060045972,0.008403878262879184,0.040178134364176075,"[0.008403878262879184, 0.040178134364176075]",0.009090055881188998,0.015913683382062588
Falling asleep muscular tension,1,2,Mild,Moderate,6851,3515,12512261.0,0.03916974461266881,0.03916974461266881,0.02069367514538792,0.060457722009205066,"[0.02069367514538792, 0.060457722009205066]",0.0006763660094135881,0.0020290980282407643
Falling asleep muscular tension,2,3,Moderate,Severe,3515,2782,5071027.5,0.03715462028300198,0.03715462028300198,0.011556948090396197,0.06351112823444352,"[0.011556948090396197, 0.06351112823444352]",0.007956841691031294,0.015913683382062588
Falling asleep afraid,0,1,Normal,Mild,6683,6854,24270357.0,0.05971870231035801,0.05971870231035801,0.04289895322552539,0.07588421134488375,"[0.04289895322552539, 0.07588421134488375]",5.720713159909564e-11,1.7162139479728691e-10
Falling asleep afraid,1,2,Mild,Moderate,6854,3526,12516956.0,0.035862981915491754,0.035862981915491754,0.01434043114793089,0.05581477278050036,"[0.01434043114793089, 0.05581477278050036]",0.0008957413568421632,0.0017914827136843263
Falling asleep afraid,2,3,Moderate,Severe,3526,2784,4974211.0,0.01345077780168339,0.01345077780168339,-0.012961865591240115,0.038599885660544606,"[-0.012961865591240115, 0.038599885660544606]",0.3013865015130949,0.3013865015130949
Falling asleep paralyzed,0,1,Normal,Mild,6683,6844,23323997.5,0.019885740776710153,0.019885740776710153,0.008339737317738693,0.0313848395000338,"[0.008339737317738693, 0.0313848395000338]",0.0014829552929026455,0.004448865878707936
Falling asleep paralyzed,1,2,Mild,Moderate,6844,3520,12208346.0,0.013524288029328941,0.013524288029328941,-0.0006638207072551936,0.02532487501494341,"[-0.0006638207072551936, 0.02532487501494341]",0.06248142599145439,0.12496285198290878
Falling asleep paralyzed,2,3,Moderate,Severe,3520,2783,4950647.0,0.010732164439943815,0.010732164439943815,-0.006072407453532812,0.025166442769411688,"[-0.006072407453532812, 0.025166442769411688]",0.2070008838971178,0.2070008838971178
Falling asleep jerk,0,1,Normal,Mild,6669,6827,23908256.5,0.05023692125216259,0.05023692125216259,0.03253841655640242,0.06263155412816589,"[0.03253841655640242, 0.06263155412816589]",5.032015324132485e-08,1.5096045972397457e-07
Falling asleep jerk,1,2,Mild,Moderate,6827,3511,12457487.5,0.039440713166767054,0.039440713166767054,0.020409254273236217,0.05784089632378879,"[0.020409254273236217, 0.05784089632378879]",0.00032182208589447825,0.0006436441717889565
Falling asleep jerk,2,3,Moderate,Severe,3511,2779,4795523.0,-0.017015663207875235,-0.017015663207875235,-0.04127327837898861,0.00387684047330197,"[-0.04127327837898861, 0.00387684047330197]",0.2005646266545017,0.2005646266545017
Anxiety questionnaire,0,1,Normal,Mild,6645,6832,22746692.0,0.0020869347628034675,0.0020869347628034675,-0.014903619359522663,0.019106856504952564,"[-0.014903619359522663, 0.019106856504952564]",0.8232553978298445,1.0
Anxiety questionnaire,1,2,Mild,Moderate,6832,3521,12179884.5,0.012649803753590866,0.012649803753590866,-0.010494769131946361,0.030708299966011883,"[-0.010494769131946361, 0.030708299966011883]",0.2605996426928331,0.7817989280784993
Anxiety questionnaire,2,3,Moderate,Severe,3521,2787,4880136.5,-0.005375915097349676,-0.005375915097349676,-0.032904441718136515,0.02095444402629279,"[-0.032904441718136515, 0.02095444402629279]",0.6952703692558961,1.0
Falling asleep dream,0,1,Normal,Mild,6647,6826,23749815.0,0.04688328077350599,0.04688328077350599,0.03409559280304675,0.061877431295159865,"[0.03409559280304675, 0.061877431295159865]",6.765757950206271e-10,2.0297273850618814e-09
Falling asleep dream,1,2,Mild,Moderate,6826,3499,12160634.0,0.01830057007623542,0.01830057007623542,0.0026893676540792246,0.03579523516283208,"[0.0026893676540792246, 0.03579523516283208]",0.037044192245820354,0.07408838449164071
Falling asleep dream,2,3,Moderate,Severe,3499,2773,4778330.0,-0.015054221354470758,-0.015054221354470758,-0.03460914648015965,0.0032813610029427762,"[-0.03460914648015965, 0.0032813610029427762]",0.1575621593171045,0.1575621593171045
Falling asleep discomfort,0,1,Normal,Mild,6654,6852,22455822.0,-0.014948805532613543,-0.014948805532613543,-0.03610375091395192,0.002346946610995216,"[-0.03610375091395192, 0.002346946610995216]",0.11740230025616047,0.23480460051232094
Falling asleep discomfort,1,2,Mild,Moderate,6852,3507,12171243.0,0.013005512617497056,0.013005512617497056,-0.004404145174749325,0.03256651778587766,"[-0.004404145174749325, 0.03256651778587766]",0.25950874442732275,0.25950874442732275
Falling asleep discomfort,2,3,Moderate,Severe,3507,2784,5120246.5,0.04885600310053129,0.04885600310053129,0.020549792246377523,0.073602789290057,"[0.020549792246377523, 0.073602789290057]",0.0004960998526036173,0.001488299557810852
Sleep someone room,0,1,Normal,Mild,10462,9554,47295413.0,-0.053655929628712615,-0.053655929628712615,-0.0685552125464819,-0.039428375305395655,"[-0.0685552125464819, -0.039428375305395655]",5.323075526710044e-13,1.5969226580130132e-12
Sleep someone room,1,2,Mild,Moderate,9554,4840,23210129.5,0.003868809221874097,0.003868809221874097,-0.015340341957935493,0.02127759001897868,"[-0.015340341957935493, 0.02127759001897868]",0.6787654879372246,0.6787654879372246
Sleep someone room,2,3,Moderate,Severe,4840,3889,9671874.5,0.02767867199071762,0.02767867199071762,0.0011488073481253547,0.048002891180676945,"[0.0011488073481253547, 0.048002891180676945]",0.014680071092685357,0.029360142185370714
Sleep gaps,0,1,Normal,Mild,10462,9554,47438277.5,-0.05079732318327236,-0.05079732318327236,-0.06334212331462885,-0.0389445797578701,"[-0.06334212331462885, -0.0389445797578701]",3.168383210935182e-15,9.505149632805545e-15
Sleep gaps,1,2,Mild,Moderate,9554,4840,22758192.5,-0.01567806396697675,-0.01567806396697675,-0.02943873136516746,-0.0015308859860523145,"[-0.02943873136516746, -0.0015308859860523145]",0.05928929195007883,0.05928929195007883
Sleep gaps,2,3,Moderate,Severe,4840,3889,9092936.0,-0.03383605804887275,-0.03383605804887275,-0.05278690266464642,-0.0135270690908241,"[-0.05278690266464642, -0.0135270690908241]",0.001081786357967397,0.002163572715934794
Sleep someone bed,0,1,Normal,Mild,10462,9554,46874565.0,-0.062076767593011936,-0.062076767593011936,-0.07606034731114374,-0.0468105774571306,"[-0.07606034731114374, -0.0468105774571306]",6.158679215686857e-17,1.8476037647060572e-16
Sleep someone bed,1,2,Mild,Moderate,9554,4840,23174278.5,0.0023182060389227307,0.0023182060389227307,-0.014653004907295115,0.01682982237114133,"[-0.014653004907295115, 0.01682982237114133]",0.8039109175878565,0.8039109175878565
Sleep someone bed,2,3,Moderate,Severe,4840,3889,9727241.0,0.033561603080525915,0.033561603080525915,0.009577417180052235,0.05122992191368322,"[0.009577417180052235, 0.05122992191368322]",0.003050728040599781,0.006101456081199562
Sleep choke,0,1,Normal,Mild,10462,9554,48071978.5,-0.038117463854454255,-0.038117463854454255,-0.04743117575505872,-0.02693382256396717,"[-0.04743117575505872, -0.02693382256396717]",6.053111889839263e-11,1.8159335669517788e-10
Sleep choke,1,2,Mild,Moderate,9554,4840,22850306.5,-0.011694011594814686,-0.011694011594814686,-0.02922302566360505,0.0022750141864339587,"[-0.02922302566360505, 0.0022750141864339587]",0.12156862715928385,0.2431372543185677
Sleep choke,2,3,Moderate,Severe,4840,3889,9290076.0,-0.012889076841015876,-0.012889076841015876,-0.03242773509304693,0.0068584057279591215,"[-0.03242773509304693, 0.0068584057279591215]",0.16915735473582316,0.2431372543185677
Sleep special surface,0,1,Normal,Mild,10462,9554,48545774.0,-0.028637187997816754,-0.028637187997816754,-0.037675903256967895,-0.018123837389594662,"[-0.037675903256967895, -0.018123837389594662]",5.56142714372364e-10,1.668428143117092e-09
Sleep special surface,1,2,Mild,Moderate,9554,4840,23557948.0,0.018912419530913452,0.018912419530913452,0.009001273427079135,0.029285449757533073,"[0.009001273427079135, 0.029285449757533073]",0.0014132634958333255,0.002826526991666651
Sleep special surface,2,3,Moderate,Severe,4840,3889,9353957.5,-0.006101390019317039,-0.006101390019317039,-0.01686538663830384,0.004787990709120223,"[-0.01686538663830384, 0.004787990709120223]",0.382324467472246,0.382324467472246
Sleep breath problem,0,1,Normal,Mild,10462,9554,48597619.0,-0.027599810264623065,-0.027599810264623065,-0.0388126577551494,-0.018663859330498887,"[-0.0388126577551494, -0.018663859330498887]",3.1714694591310976e-07,9.514408377393292e-07
Sleep breath problem,1,2,Mild,Moderate,9554,4840,22934041.5,-0.008072362058555372,-0.008072362058555372,-0.019027126905437036,0.003413465239776677,"[-0.019027126905437036, 0.003413465239776677]",0.24741875558336357,0.408203324294661
Sleep breath problem,2,3,Moderate,Severe,4840,3889,9307652.0,-0.011021550505876927,-0.011021550505876927,-0.028129142591203415,0.00620288682424894,"[-0.028129142591203415, 0.00620288682424894]",0.2041016621473305,0.408203324294661
Sleep restless,0,1,Normal,Mild,10462,9554,47910908.0,-0.041340358061694574,-0.041340358061694574,-0.05473219627102673,-0.026670739158797415,"[-0.05473219627102673, -0.026670739158797415]",8.395518880414634e-08,2.5186556641243903e-07
Sleep restless,1,2,Mild,Moderate,9554,4840,23282088.5,0.006981131177802729,0.006981131177802729,-0.006786475354531096,0.01974659968910948,"[-0.006786475354531096, 0.01974659968910948]",0.4720024177653931,0.4720024177653931
Sleep restless,2,3,Moderate,Severe,4840,3889,9585719.0,0.01852427592977863,0.01852427592977863,-0.0036889422698902817,0.03832145232686386,"[-0.0036889422698902817, 0.03832145232686386]",0.11708812388105354,0.23417624776210708
Sleep sweat,0,1,Normal,Mild,10462,9554,49481549.0,-0.00991306516476968,-0.00991306516476968,-0.022572682671824027,0.0026324748072982453,"[-0.022572682671824027, 0.0026324748072982453]",0.14676893692837298,0.29353787385674596
Sleep sweat,1,2,Mild,Moderate,9554,4840,23099225.0,-0.0009279571362087966,-0.0009279571362087966,-0.01877892053780425,0.01437754858421119,"[-0.01877892053780425, 0.01437754858421119]",0.9138164362693806,0.9138164362693806
Sleep sweat,2,3,Moderate,Severe,4840,3889,9597152.0,0.019739081834970005,0.019739081834970005,0.0007449027135234154,0.03835206287494501,"[0.0007449027135234154, 0.03835206287494501]",0.057409607801828307,0.17222882340548493
Sleep disturb partner,0,1,Normal,Mild,10462,9554,47237476.0,-0.054815203497514675,-0.054815203497514675,-0.06933753157003864,-0.03984663142070186,"[-0.06933753157003864, -0.03984663142070186]",3.612988608911141e-15,1.0838965826733421e-14
Sleep disturb partner,1,2,Mild,Moderate,9554,4840,22975514.0,-0.0062786215630336135,-0.0062786215630336135,-0.02552954541129413,0.010551274875998455,"[-0.02552954541129413, 0.010551274875998455]",0.47981366065251063,0.7458502591090628
Sleep disturb partner,2,3,Moderate,Severe,4840,3889,9502182.0,0.009648106866368163,0.009648106866368163,-0.009016885674576949,0.02864830662453326,"[-0.009016885674576949, 0.02864830662453326]",0.3729251295545314,0.7458502591090628
Sleep walk,0,1,Normal,Mild,10462,9554,50357678.5,0.007617598056256868,0.007617598056256868,0.0014802852009407372,0.014737479153899953,"[0.0014802852009407372, 0.014737479153899953]",0.02591162620396222,0.07773487861188666
Sleep walk,1,2,Mild,Moderate,9554,4840,23207588.5,0.0037589076099837893,0.0037589076099837893,-0.003439417655536083,0.012124081125641631,"[-0.003439417655536083, 0.012124081125641631]",0.35850811211980504,0.7170162242396101
Sleep walk,2,3,Moderate,Severe,4840,3889,9435373.0,0.0025493604551086024,0.0025493604551086024,-0.007341155069713475,0.01157676530965702,"[-0.007341155069713475, 0.01157676530965702]",0.598635550127264,0.7170162242396101
Sleep provide assistance,0,1,Normal,Mild,10462,9554,49805667.5,-0.0034277085283314673,-0.0034277085283314673,-0.012824402143675206,0.006307174830152781,"[-0.012824402143675206, 0.006307174830152781]",0.5247994028651317,0.5247994028651317
Sleep provide assistance,1,2,Mild,Moderate,9554,4840,23317648.0,0.008519126600082697,0.008519126600082697,-0.007304902472591636,0.023651410231013952,"[-0.007304902472591636, 0.023651410231013952]",0.20394210002552693,0.40788420005105386
Sleep provide assistance,2,3,Moderate,Severe,4840,3889,9564321.0,0.016250645495134615,0.016250645495134615,0.0006420431966406626,0.030665610409950493,"[0.0006420431966406626, 0.030665610409950493]",0.04089491666089175,0.12268474998267524
Sleep talk,0,1,Normal,Mild,10462,9554,50034496.0,0.0011509700447249968,0.0011509700447249968,-0.010307991786377462,0.01463033080994459,"[-0.010307991786377462, 0.01463033080994459]",0.8526297944411291,0.8526297944411291
Sleep talk,1,2,Mild,Moderate,9554,4840,23714062.0,0.025664556578785747,0.025664556578785747,0.012484915019800456,0.040304994814166356,"[0.012484915019800456, 0.040304994814166356]",0.0007726330809329887,0.0023178992427989663
Sleep talk,2,3,Moderate,Severe,4840,3889,9259096.5,-0.016180783264515938,-0.016180783264515938,-0.031455286047317184,0.0021491880043096583,"[-0.031455286047317184, 0.0021491880043096583]",0.07744476832135895,0.1548895366427179
Sleep nasal congestion,0,1,Normal,Mild,10462,9554,47721067.0,-0.0451389273788365,-0.0451389273788365,-0.060973271911180536,-0.03263131262208873,"[-0.060973271911180536, -0.03263131262208873]",8.611978956314538e-10,2.5835936868943614e-09
Sleep nasal congestion,1,2,Mild,Moderate,9554,4840,22849037.5,-0.011748897523775252,-0.011748897523775252,-0.026221430879195595,0.0057854678149604375,"[-0.026221430879195595, 0.0057854678149604375]",0.20638159207057383,0.41276318414114765
Sleep nasal congestion,2,3,Moderate,Severe,4840,3889,9352683.5,-0.006236758052485396,-0.006236758052485396,-0.0341931018617886,0.015800116454760087,"[-0.0341931018617886, 0.015800116454760087]",0.5842457319148644,0.5842457319148644
Grind teeth,0,1,Normal,Mild,10462,9554,50244612.5,0.005355236193371772,0.005355236193371772,-0.00719775971230271,0.018699473231412522,"[-0.00719775971230271, 0.018699473231412522]",0.39392037992262974,0.7878407598452595
Grind teeth,1,2,Mild,Moderate,9554,4840,23506960.0,0.016707121070833556,0.016707121070833556,-0.002511542156199558,0.030672881917832857,"[-0.002511542156199558, 0.030672881917832857]",0.031163256713309405,0.09348977013992821
Grind teeth,2,3,Moderate,Severe,4840,3889,9466758.5,0.005884206141926051,0.005884206141926051,-0.0121160539155788,0.02459129532544641,"[-0.0121160539155788, 0.02459129532544641]",0.5260956570500739,0.7878407598452595
Nasal medication,0,1,Normal,Mild,10462,9554,48234422.0,-0.03486709699550837,-0.03486709699550837,-0.04996273408830234,-0.02401142949351036,"[-0.04996273408830234, -0.02401142949351036]",7.512801166396512e-08,2.2538403499189535e-07
Nasal medication,1,2,Mild,Moderate,9554,4840,22983929.0,-0.005914661679500776,-0.005914661679500776,-0.021086734905720765,0.011576559383201526,"[-0.021086734905720765, 0.011576559383201526]",0.47451518462579223,0.8916409034252417
Nasal medication,2,3,Moderate,Severe,4840,3889,9483807.5,0.007695736438226912,0.007695736438226912,-0.011968777426902324,0.029416096523570398,"[-0.011968777426902324, 0.029416096523570398]",0.44582045171262086,0.8916409034252417
Leg jerk,0,1,Normal,Mild,10462,9554,48790073.5,-0.023748946865010275,-0.023748946865010275,-0.03331322515644905,-0.010619221363822475,"[-0.03331322515644905, -0.010619221363822475]",0.0004357400979530671,0.0013072202938592013
Leg jerk,1,2,Mild,Moderate,9554,4840,23417049.0,0.012818351363368206,0.012818351363368206,-0.004360774099204694,0.02946871750744353,"[-0.004360774099204694, 0.02946871750744353]",0.13140452593234034,0.2628090518646807
Leg jerk,2,3,Moderate,Severe,4840,3889,9330165.5,-0.00862939335145324,-0.00862939335145324,-0.025395089508658666,0.011351251091763373,"[-0.025395089508658666, 0.011351251091763373]",0.40343482275940323,0.40343482275940323
Sleep snore,0,1,Normal,Mild,10462,9554,43678908.5,-0.12601934442849622,-0.12601934442849622,-0.13882951451802583,-0.11167186712824992,"[-0.13882951451802583, -0.11167186712824992]",2.953449233784562e-59,8.860347701353687e-59
Sleep snore,1,2,Mild,Moderate,9554,4840,22131315.5,-0.04279132361158928,-0.04279132361158928,-0.06245976924121609,-0.02152473348534733,"[-0.06245976924121609, -0.02152473348534733]",1.218677145081513e-05,2.437354290163026e-05
Sleep snore,2,3,Moderate,Severe,4840,3889,9069462.5,-0.03633021937271686,-0.03633021937271686,-0.054362829893171885,-0.010233333209369979,"[-0.054362829893171885, -0.010233333209369979]",0.0023322707812599335,0.0023322707812599335
Sleep other movements,0,1,Normal,Mild,10462,9554,49427889.0,-0.010986759622541373,-0.010986759622541373,-0.02110475741288378,-0.0028985690990414935,"[-0.02110475741288378, -0.0028985690990414935]",0.05738998243896126,0.1721699473168838
Sleep other movements,1,2,Mild,Moderate,9554,4840,23403393.5,0.012227732921350064,0.012227732921350064,-0.0003733481238441084,0.027305405269222184,"[-0.0003733481238441084, 0.027305405269222184]",0.09160018567091563,0.18320037134183126
Sleep other movements,2,3,Moderate,Severe,4840,3889,9409642.5,-0.00018461692121665474,-0.00018461692121665474,-0.014791430693479594,0.019037091266105498,"[-0.014791430693479594, 0.019037091266105498]",0.9831386133358239,0.9831386133358239
Stop breath,0,1,Normal,Mild,10462,9554,45463402.0,-0.09031303095701633,-0.09031303095701633,-0.1024277152614322,-0.0769250967955763,"[-0.1024277152614322, -0.0769250967955763]",5.927261489509823e-42,1.778178446852947e-41
Stop breath,1,2,Mild,Moderate,9554,4840,22281854.5,-0.03628031268976518,-0.03628031268976518,-0.05302819542937318,-0.02133191800587181,"[-0.05302819542937318, -0.02133191800587181]",3.223728697055843e-05,3.223728697055843e-05
Stop breath,2,3,Moderate,Severe,4840,3889,8806997.5,-0.06421826554660422,-0.06421826554660422,-0.0859522049370018,-0.04751356203872333,"[-0.0859522049370018, -0.04751356203872333]",5.123259014466803e-09,1.0246518028933606e-08
Sleep eat,0,1,Normal,Mild,10462,9554,49134401.0,-0.016859224009841012,-0.016859224009841012,-0.027008454433435688,-0.00842530752262032,"[-0.027008454433435688, -0.00842530752262032]",0.0010804294916703422,0.0032412884750110263
Sleep eat,1,2,Mild,Moderate,9554,4840,23190781.0,0.0030319609976869194,0.0030319609976869194,-0.008589695458784085,0.015672479139886883,"[-0.008589695458784085, 0.015672479139886883]",0.6444499487827678,0.7311323571793042
Sleep eat,2,3,Moderate,Severe,4840,3889,9342858.5,-0.007280706973897558,-0.007280706973897558,-0.024139650614468867,0.007998570613448821,"[-0.024139650614468867, 0.007998570613448821]",0.3655661785896521,0.7311323571793042
Sleep somatch pain,0,1,Normal,Mild,10462,9554,49607285.0,-0.0073971865523510885,-0.0073971865523510885,-0.01871030171814724,0.005724333420026577,"[-0.01871030171814724, 0.005724333420026577]",0.17099050233423885,0.39221127239119524
Sleep somatch pain,1,2,Mild,Moderate,9554,4840,23261080.0,0.006072485757339317,0.006072485757339317,-0.006081510686536901,0.01947701365184761,"[-0.006081510686536901, 0.01947701365184761]",0.36981011134377806,0.39221127239119524
Sleep somatch pain,2,3,Moderate,Severe,4840,3889,9526470.5,0.01222886547987649,0.01222886547987649,-4.7030828635120456e-05,0.025180511519033336,"[-4.7030828635120456e-05, 0.025180511519033336]",0.13073709079706508,0.39221127239119524
Sleep thirst,0,1,Normal,Mild,10462,9554,47723535.0,-0.045089544637096274,-0.045089544637096274,-0.05482336025386411,-0.03197298619960466,"[-0.05482336025386411, -0.03197298619960466]",8.748374401264734e-10,2.62451232037942e-09
Sleep thirst,1,2,Mild,Moderate,9554,4840,23139794.0,0.0008267057889300833,0.0008267057889300833,-0.022036050085897128,0.01927419576327339,"[-0.022036050085897128, 0.01927419576327339]",0.9290431185560325,0.9290431185560325
Sleep thirst,2,3,Moderate,Severe,4840,3889,9272341.0,-0.014773497616715084,-0.014773497616715084,-0.036738530906200786,0.004219895222592212,"[-0.036738530906200786, 0.004219895222592212]",0.19321532762609384,0.38643065525218767
Sleep leg cramps,0,1,Normal,Mild,10462,9554,46451170.0,-0.07054856902700832,-0.07054856902700832,-0.08426645463768975,-0.05697250347730137,"[-0.08426645463768975, -0.05697250347730137]",2.3348169172259606e-25,7.004450751677882e-25
Sleep leg cramps,1,2,Mild,Moderate,9554,4840,23006020.5,-0.00495917507616558,-0.00495917507616558,-0.024661452431329875,0.012223813810839467,"[-0.024661452431329875, 0.012223813810839467]",0.5707728165453887,0.5707728165453887
Sleep leg cramps,2,3,Moderate,Severe,4840,3889,9589004.5,0.018873374574185718,0.018873374574185718,-0.005237060080455789,0.04124268837301224,"[-0.005237060080455789, 0.04124268837301224]",0.07623374132882763,0.15246748265765525
Sleep urinate,0,1,Normal,Mild,10462,9554,45031449.0,-0.09895607124993201,-0.09895607124993201,-0.11208319830448318,-0.08394990335949512,"[-0.11208319830448318, -0.08394990335949512]",6.46434939351422e-38,1.939304818054266e-37
Sleep urinate,1,2,Mild,Moderate,9554,4840,22604746.5,-0.022314806484930373,-0.022314806484930373,-0.039512564076835115,-0.003115031651318219,"[-0.039512564076835115, -0.003115031651318219]",0.02188679233401881,0.04377358466803762
Sleep urinate,2,3,Moderate,Severe,4840,3889,9272080.5,-0.014801176873104688,-0.014801176873104688,-0.03424131211363265,0.010091573977461264,"[-0.03424131211363265, 0.010091573977461264]",0.21403543385183033,0.21403543385183033
Sleep parasthesia,0,1,Normal,Mild,10462,9554,48168004.5,-0.036196059009094866,-0.036196059009094866,-0.04690758788237159,-0.024190964673051235,"[-0.04690758788237159, -0.024190964673051235]",7.253177915640781e-09,2.1759533746922343e-08
Sleep parasthesia,1,2,Mild,Moderate,9554,4840,23372767.5,0.010903117901376604,0.010903117901376604,-0.005705994590124512,0.025787356816495015,"[-0.005705994590124512, 0.025787356816495015]",0.17127254379982093,0.17127254379982093
Sleep parasthesia,2,3,Moderate,Severe,4840,3889,9572524.5,0.01712230299913509,0.01712230299913509,-0.00026894169611682876,0.04046056741944324,"[-0.00026894169611682876, 0.04046056741944324]",0.0731460715916027,0.1462921431832054
Sleep heart pain,0,1,Normal,Mild,10462,9554,49341458.0,-0.01271617605339611,-0.01271617605339611,-0.022105218145060165,-0.006445695621747728,"[-0.022105218145060165, -0.006445695621747728]",0.0010634446726899096,0.003190334018069729
Sleep heart pain,1,2,Mild,Moderate,9554,4840,23212921.0,0.003989545290190427,0.003989545290190427,-0.0035993064434091037,0.012325918290465504,"[-0.0035993064434091037, 0.012325918290465504]",0.42334693542619894,0.8466938708523979
Sleep heart pain,2,3,Moderate,Severe,4840,3889,9421832.5,0.001110623521736451,0.001110623521736451,-0.0100655031461911,0.014431795602770262,"[-0.0100655031461911, 0.014431795602770262]",0.8526466738979909,0.8526466738979909
Sleep itch,0,1,Normal,Mild,10462,9554,48477417.5,-0.03000494787859705,-0.03000494787859705,-0.04181726893869165,-0.016772361257806446,"[-0.04181726893869165, -0.016772361257806446]",2.0979557240375595e-07,6.293867172112679e-07
Sleep itch,1,2,Mild,Moderate,9554,4840,23141739.0,0.0009108296122778396,0.0009108296122778396,-0.014391389007589742,0.013187008340585128,"[-0.014391389007589742, 0.013187008340585128]",0.9022105657142893,1.0
Sleep itch,2,3,Moderate,Severe,4840,3889,9436972.5,0.002719314276971071,0.002719314276971071,-0.01579953471223136,0.021911228746475008,"[-0.01579953471223136, 0.021911228746475008]",0.7635293229570184,1.0
Sleep chest pain,0,1,Normal,Mild,10462,9554,49635263.0,-0.006837368745054473,-0.006837368745054473,-0.016464215850683556,0.0017228163914045675,"[-0.016464215850683556, 0.0017228163914045675]",0.11451688280979239,0.34355064842937716
Sleep chest pain,1,2,Mild,Moderate,9554,4840,23267722.5,0.006359782670751898,0.006359782670751898,-0.003965506745476344,0.016690030310527196,"[-0.003965506745476344, 0.016690030310527196]",0.2421286600421091,0.4842573200842182
Sleep chest pain,2,3,Moderate,Severe,4840,3889,9444393.0,0.003507774630288013,0.003507774630288013,-0.008320559790381432,0.01621508615102142,"[-0.008320559790381432, 0.01621508615102142]",0.5880960404324662,0.5880960404324662
Sleep shortof breath,0,1,Normal,Mild,10462,9554,47786345.5,-0.04383275586072898,-0.04383275586072898,-0.05772596921334213,-0.03165160619768616,"[-0.05772596921334213, -0.03165160619768616]",3.766889061519531e-12,1.1300667184558593e-11
Sleep shortof breath,1,2,Mild,Moderate,9554,4840,23200583.0,0.0034559104663011643,0.0034559104663011643,-0.010265533388291347,0.020651336271251538,"[-0.010265533388291347, 0.020651336271251538]",0.6694169283849187,0.6694169283849187
Sleep shortof breath,2,3,Moderate,Severe,4840,3889,9101188.5,-0.03295919408205811,-0.03295919408205811,-0.05301096916711471,-0.014266316416933556,"[-0.05301096916711471, -0.014266316416933556]",0.0009917207253462054,0.0019834414506924108
Sleep asthma,0,1,Normal,Mild,10462,9554,49561986.0,-0.008303583966488247,-0.008303583966488247,-0.01761470317310528,0.0002163138668619633,"[-0.01761470317310528, 0.0002163138668619633]",0.0573770268908287,0.1147540537816574
Sleep asthma,1,2,Mild,Moderate,9554,4840,23243628.5,0.005317685292993112,0.005317685292993112,-0.003653015936382494,0.01541421846156773,"[-0.003653015936382494, 0.01541421846156773]",0.33417719251878575,0.33417719251878575
Sleep asthma,2,3,Moderate,Severe,4840,3889,9576218.0,0.01751475341554586,0.01751475341554586,0.005090553935767125,0.02912419060754107,"[0.005090553935767125, 0.02912419060754107]",0.006218178832827646,0.01865453649848294
Sleep indigestion,0,1,Normal,Mild,10462,9554,47572479.0,-0.048112056564288984,-0.048112056564288984,-0.061681410773289314,-0.03618699958704984,"[-0.061681410773289314, -0.03618699958704984]",2.2361193205775035e-12,6.708357961732511e-12
Sleep indigestion,1,2,Mild,Moderate,9554,4840,22811579.5,-0.01336900558288078,-0.01336900558288078,-0.032202959104143995,0.0037875799933219647,"[-0.032202959104143995, 0.0037875799933219647]",0.1269225999095937,0.2538451998191874
Sleep indigestion,2,3,Moderate,Severe,4840,3889,9479662.5,0.0072553121858855985,0.0072553121858855985,-0.009875293261987083,0.024614669952759315,"[-0.009875293261987083, 0.024614669952759315]",0.4988111939892925,0.4988111939892925
Sleep cough,0,1,Normal,Mild,10462,9554,48169406.5,-0.03616800609016464,-0.03616800609016464,-0.04663293064722166,-0.02531913746918731,"[-0.04663293064722166, -0.02531913746918731]",1.733781335953178e-10,5.201344007859534e-10
Sleep cough,1,2,Mild,Moderate,9554,4840,23030942.0,-0.003881287228576322,-0.003881287228576322,-0.01576081077632665,0.00871498913526764,"[-0.01576081077632665, 0.00871498913526764]",0.5970699444055361,1.0
Sleep cough,2,3,Moderate,Severe,4840,3889,9356667.0,-0.005813493876562204,-0.005813493876562204,-0.024832767617501365,0.012647333600385896,"[-0.024832767617501365, 0.012647333600385896]",0.5204054514122343,1.0
Sleep throat burn,0,1,Normal,Mild,10462,9554,47272556.5,-0.05411327024321241,-0.05411327024321241,-0.06350869602469329,-0.04074715362918932,"[-0.06350869602469329, -0.04074715362918932]",4.803348033858875e-20,1.4410044101576626e-19
Sleep throat burn,1,2,Mild,Moderate,9554,4840,23026869.5,-0.004057428241729915,-0.004057428241729915,-0.019006117575261626,0.010119928890499756,"[-0.019006117575261626, 0.010119928890499756]",0.5989338714335782,0.5989338714335782
Sleep throat burn,2,3,Moderate,Severe,4840,3889,9223986.5,-0.01991137325238169,-0.01991137325238169,-0.033771385014737476,-0.0039936930078266954,"[-0.033771385014737476, -0.0039936930078266954]",0.03730956911377513,0.07461913822755026
Sleep hunger,0,1,Normal,Mild,10462,9554,49092110.0,-0.017705433706330438,-0.017705433706330438,-0.030567762065786534,-0.006682135507043709,"[-0.030567762065786534, -0.006682135507043709]",0.0028234590098132704,0.008470377029439811
Sleep hunger,1,2,Mild,Moderate,9554,4840,23398870.5,0.012032107187158855,0.012032107187158855,-0.002783561621024987,0.02813505052619559,"[-0.002783561621024987, 0.02813505052619559]",0.10688261406525126,0.21376522813050253
Sleep hunger,2,3,Moderate,Severe,4840,3889,9407518.0,-0.00041035427323091834,-0.00041035427323091834,-0.018029978069103572,0.01588101851163165,"[-0.018029978069103572, 0.01588101851163165]",0.9635456780541387,0.9635456780541387
Sleep alert,0,1,Normal,Mild,10462,9554,45540932.5,-0.0887617065410963,-0.0887617065410963,-0.10324791973199497,-0.07386668733685238,"[-0.10324791973199497, -0.07386668733685238]",2.0866588396161443e-31,6.259976518848433e-31
Sleep alert,1,2,Mild,Moderate,9554,4840,22529362.5,-0.025575264222332562,-0.025575264222332562,-0.04348419250644877,-0.006645507939212866,"[-0.04348419250644877, -0.006645507939212866]",0.00790436820224553,0.01580873640449106
Sleep alert,2,3,Moderate,Severe,4840,3889,9605150.0,0.02058890407145392,0.02058890407145392,-0.001586575241888012,0.040362260901164314,"[-0.001586575241888012, 0.040362260901164314]",0.08002307749808091,0.08002307749808091
Too much sleep,0,1,Normal,Mild,6930,7069,24812288.0,0.01299101395296048,0.01299101395296048,0.006730997504091294,0.018926829171206017,"[0.006730997504091294, 0.018926829171206017]",0.0003328882603228149,0.0009986647809684447
Too much sleep,1,2,Mild,Moderate,7069,3657,12992431.5,0.005165304241758055,0.005165304241758055,-0.0021259542012785184,0.011689959082574192,"[-0.0021259542012785184, 0.011689959082574192]",0.19577227718579215,0.19577227718579215
Too much sleep,2,3,Moderate,Severe,3657,2882,5312547.0,0.008123745074943968,0.008123745074943968,0.0007744836222376942,0.01642375606220955,"[0.0007744836222376942, 0.01642375606220955]",0.06809515282629956,0.13619030565259913
Accident sleep mistake,0,1,Normal,Mild,6930,7069,24512709.0,0.0007603468347562279,0.0007603468347562279,-0.0024139583087100414,0.0038041607800413705,"[-0.0024139583087100414, 0.0038041607800413705]",0.6391423011678256,1.0
Accident sleep mistake,1,2,Mild,Moderate,7069,3657,12938304.5,0.000977744551896028,0.000977744551896028,-0.001887105782901021,0.003938398457054417,"[-0.001887105782901021, 0.003938398457054417]",0.60273144057086,1.0
Accident sleep mistake,2,3,Moderate,Severe,3657,2882,5287791.0,0.0034259774254388788,0.0034259774254388788,0.00015238900916687115,0.006974622262932664,"[0.00015238900916687115, 0.006974622262932664]",0.08515042208773729,0.2554512662632119
Sleep accident fatigue,0,1,Normal,Mild,6930,7069,24543427.0,0.0020144455283796067,0.0020144455283796067,-0.0004930312767347708,0.004524680652492223,"[-0.0004930312767347708, 0.004524680652492223]",0.17124765708549738,0.5137429712564922
Sleep accident fatigue,1,2,Mild,Moderate,7069,3657,12937326.5,0.0009020811421987407,0.0009020811421987407,-0.0028139912553058677,0.004409474745460899,"[-0.0028139912553058677, 0.004409474745460899]",0.5768989383224531,0.9847698734351935
Sleep accident fatigue,2,3,Moderate,Severe,3657,2882,5276219.0,0.00123004241008612,0.00123004241008612,-0.0015327188055115465,0.004149182397527618,"[-0.0015327188055115465, 0.004149182397527618]",0.49238493671759676,0.9847698734351935
Time in beed (weekday),0,1,Normal,Mild,6481,6624,21886598.0,0.019637763153088888,0.019637763153088888,-0.00320568689450471,0.04237160432073089,"[-0.00320568689450471, 0.04237160432073089]",0.04804041752690773,0.09608083505381546
Time in beed (weekday),1,2,Mild,Moderate,6624,3398,11240675.5,-0.0011995991532387622,-0.0011995991532387622,-0.023662333208579644,0.025226258235165253,"[-0.023662333208579644, 0.025226258235165253]",0.9203073350697158,0.9203073350697158
Time in beed (weekday),2,3,Moderate,Severe,3398,2685,4415269.5,-0.03212438470214158,-0.03212438470214158,-0.0631607046756609,-0.004219636263197873,"[-0.0631607046756609, -0.004219636263197873]",0.02854374215718167,0.08563122647154502
Time in bed (weekend),0,1,Normal,Mild,6183,6334,20637080.5,0.05390374648885245,0.05390374648885245,0.0388437648050633,0.07247050490509924,"[0.0388437648050633, 0.07247050490509924]",1.1707647599111616e-07,3.5122942797334847e-07
Time in bed (weekend),1,2,Mild,Moderate,6334,3201,10237629.0,0.00987041565298656,0.00987041565298656,-0.015338354853782963,0.03424968116117012,"[-0.015338354853782963, 0.03424968116117012]",0.42337181812256464,0.42337181812256464
Time in bed (weekend),2,3,Moderate,Severe,3201,2535,3901616.5,-0.038363504501490224,-0.038363504501490224,-0.07244526026445139,-0.0008991950863481685,"[-0.07244526026445139, -0.0008991950863481685]",0.011138650514826149,0.022277301029652297
